Product Name,Product Link
Head First Java: A Brain-Friendly Guide,https://www.amazon.com/Head-First-Java-Brain-Friendly-Guide/dp/1491910771/ref=sr_1_1?dib=eyJ2IjoiMSJ9.aaMxX7AxL-jwp6dar1HP7PdIio5bW-c-iIgjqsRrydv3OWGzCUJnNqb2fxgzgUdnPELzY-jrhbcwSI1OT5SSSfaw85RbmbXF2oQVZbJgjXyrm-cUbVjuIEQ7gzavMNOcoj6add7L37Mh9VY_tQ23x2jdVD0jKZgAmJMf6kL9ktYeFMlu42aRaMn1iT_43aEx4Nf7rit0yxo5PYbRYpXYLnpI3Dh7x-UYPOHfhnrQmjk.rmoNKEuq4STmczOJLzELvSnCw02PivzImFyd8DnM80g&dib_tag=se&keywords=java+books&qid=1724070308&s=books&sr=1-1
"Java: The Complete Reference, Thirteenth Edition",https://www.amazon.com/Java-Complete-Reference-Thirteenth/dp/1265058431/ref=sr_1_2?dib=eyJ2IjoiMSJ9.aaMxX7AxL-jwp6dar1HP7PdIio5bW-c-iIgjqsRrydv3OWGzCUJnNqb2fxgzgUdnPELzY-jrhbcwSI1OT5SSSfaw85RbmbXF2oQVZbJgjXyrm-cUbVjuIEQ7gzavMNOcoj6add7L37Mh9VY_tQ23x2jdVD0jKZgAmJMf6kL9ktYeFMlu42aRaMn1iT_43aEx4Nf7rit0yxo5PYbRYpXYLnpI3Dh7x-UYPOHfhnrQmjk.rmoNKEuq4STmczOJLzELvSnCw02PivzImFyd8DnM80g&dib_tag=se&keywords=java+books&qid=1724070308&s=books&sr=1-2
Effective Java,https://www.amazon.com/Effective-Java-Joshua-Bloch/dp/0134685997/ref=sr_1_3?dib=eyJ2IjoiMSJ9.aaMxX7AxL-jwp6dar1HP7PdIio5bW-c-iIgjqsRrydv3OWGzCUJnNqb2fxgzgUdnPELzY-jrhbcwSI1OT5SSSfaw85RbmbXF2oQVZbJgjXyrm-cUbVjuIEQ7gzavMNOcoj6add7L37Mh9VY_tQ23x2jdVD0jKZgAmJMf6kL9ktYeFMlu42aRaMn1iT_43aEx4Nf7rit0yxo5PYbRYpXYLnpI3Dh7x-UYPOHfhnrQmjk.rmoNKEuq4STmczOJLzELvSnCw02PivzImFyd8DnM80g&dib_tag=se&keywords=java+books&qid=1724070308&s=books&sr=1-3
Java All-in-One For Dummies,https://www.amazon.com/Java-All-One-Dummies-Doug/dp/1119986648/ref=sr_1_4?dib=eyJ2IjoiMSJ9.aaMxX7AxL-jwp6dar1HP7PdIio5bW-c-iIgjqsRrydv3OWGzCUJnNqb2fxgzgUdnPELzY-jrhbcwSI1OT5SSSfaw85RbmbXF2oQVZbJgjXyrm-cUbVjuIEQ7gzavMNOcoj6add7L37Mh9VY_tQ23x2jdVD0jKZgAmJMf6kL9ktYeFMlu42aRaMn1iT_43aEx4Nf7rit0yxo5PYbRYpXYLnpI3Dh7x-UYPOHfhnrQmjk.rmoNKEuq4STmczOJLzELvSnCw02PivzImFyd8DnM80g&dib_tag=se&keywords=java+books&qid=1724070308&s=books&sr=1-4
Java: The Comprehensive Guide to Java Programming for Professionals (Rheinwerk Computing),https://www.amazon.com/Java-Comprehensive-Guide-Programming-Professionals/dp/1493222953/ref=sr_1_5?dib=eyJ2IjoiMSJ9.aaMxX7AxL-jwp6dar1HP7PdIio5bW-c-iIgjqsRrydv3OWGzCUJnNqb2fxgzgUdnPELzY-jrhbcwSI1OT5SSSfaw85RbmbXF2oQVZbJgjXyrm-cUbVjuIEQ7gzavMNOcoj6add7L37Mh9VY_tQ23x2jdVD0jKZgAmJMf6kL9ktYeFMlu42aRaMn1iT_43aEx4Nf7rit0yxo5PYbRYpXYLnpI3Dh7x-UYPOHfhnrQmjk.rmoNKEuq4STmczOJLzELvSnCw02PivzImFyd8DnM80g&dib_tag=se&keywords=java+books&qid=1724070308&s=books&sr=1-5
Learn Java the Easy Way: A Hands-On Introduction to Programming,https://www.amazon.com/Learn-Java-Easy-Way-Hands/dp/1593278055/ref=sr_1_6?dib=eyJ2IjoiMSJ9.aaMxX7AxL-jwp6dar1HP7PdIio5bW-c-iIgjqsRrydv3OWGzCUJnNqb2fxgzgUdnPELzY-jrhbcwSI1OT5SSSfaw85RbmbXF2oQVZbJgjXyrm-cUbVjuIEQ7gzavMNOcoj6add7L37Mh9VY_tQ23x2jdVD0jKZgAmJMf6kL9ktYeFMlu42aRaMn1iT_43aEx4Nf7rit0yxo5PYbRYpXYLnpI3Dh7x-UYPOHfhnrQmjk.rmoNKEuq4STmczOJLzELvSnCw02PivzImFyd8DnM80g&dib_tag=se&keywords=java+books&qid=1724070308&s=books&sr=1-6
"Core Java, Volume II: Advanced Features (Oracle Press for Java)",https://www.amazon.com/Core-Java-II-Advanced-Features/dp/0135371740/ref=sr_1_7?dib=eyJ2IjoiMSJ9.aaMxX7AxL-jwp6dar1HP7PdIio5bW-c-iIgjqsRrydv3OWGzCUJnNqb2fxgzgUdnPELzY-jrhbcwSI1OT5SSSfaw85RbmbXF2oQVZbJgjXyrm-cUbVjuIEQ7gzavMNOcoj6add7L37Mh9VY_tQ23x2jdVD0jKZgAmJMf6kL9ktYeFMlu42aRaMn1iT_43aEx4Nf7rit0yxo5PYbRYpXYLnpI3Dh7x-UYPOHfhnrQmjk.rmoNKEuq4STmczOJLzELvSnCw02PivzImFyd8DnM80g&dib_tag=se&keywords=java+books&qid=1724070308&s=books&sr=1-7
"Core Java: Fundamentals, Volume 1 (Oracle Press Java)",https://www.amazon.com/Core-Java-Fundamentals-Oracle-Press/dp/0137673620/ref=sr_1_8?dib=eyJ2IjoiMSJ9.aaMxX7AxL-jwp6dar1HP7PdIio5bW-c-iIgjqsRrydv3OWGzCUJnNqb2fxgzgUdnPELzY-jrhbcwSI1OT5SSSfaw85RbmbXF2oQVZbJgjXyrm-cUbVjuIEQ7gzavMNOcoj6add7L37Mh9VY_tQ23x2jdVD0jKZgAmJMf6kL9ktYeFMlu42aRaMn1iT_43aEx4Nf7rit0yxo5PYbRYpXYLnpI3Dh7x-UYPOHfhnrQmjk.rmoNKEuq4STmczOJLzELvSnCw02PivzImFyd8DnM80g&dib_tag=se&keywords=java+books&qid=1724070308&s=books&sr=1-8
"Core Java, Volume I: Fundamentals (Oracle Press for Java)",https://www.amazon.com/Core-Java-Fundamentals-Oracle-Press/dp/0135328373/ref=sr_1_9?dib=eyJ2IjoiMSJ9.aaMxX7AxL-jwp6dar1HP7PdIio5bW-c-iIgjqsRrydv3OWGzCUJnNqb2fxgzgUdnPELzY-jrhbcwSI1OT5SSSfaw85RbmbXF2oQVZbJgjXyrm-cUbVjuIEQ7gzavMNOcoj6add7L37Mh9VY_tQ23x2jdVD0jKZgAmJMf6kL9ktYeFMlu42aRaMn1iT_43aEx4Nf7rit0yxo5PYbRYpXYLnpI3Dh7x-UYPOHfhnrQmjk.rmoNKEuq4STmczOJLzELvSnCw02PivzImFyd8DnM80g&dib_tag=se&keywords=java+books&qid=1724070308&s=books&sr=1-9
Java: Learn Java in One Day and Learn It Well. Java for Beginners with Hands-on Project. (Learn Coding Fast with Hands-On Project Book 4),https://www.amazon.com/Java-Beginners-Hands-Project-Project-ebook/dp/B01LZOCVN9/ref=sr_1_10?dib=eyJ2IjoiMSJ9.aaMxX7AxL-jwp6dar1HP7PdIio5bW-c-iIgjqsRrydv3OWGzCUJnNqb2fxgzgUdnPELzY-jrhbcwSI1OT5SSSfaw85RbmbXF2oQVZbJgjXyrm-cUbVjuIEQ7gzavMNOcoj6add7L37Mh9VY_tQ23x2jdVD0jKZgAmJMf6kL9ktYeFMlu42aRaMn1iT_43aEx4Nf7rit0yxo5PYbRYpXYLnpI3Dh7x-UYPOHfhnrQmjk.rmoNKEuq4STmczOJLzELvSnCw02PivzImFyd8DnM80g&dib_tag=se&keywords=java+books&qid=1724070308&s=books&sr=1-10
"Python, Java, SQL & JavaScript: The Ultimate Crash Course for Beginners to Master the 4 Most In-Demand Programming Languages, Stand Out from the Crowd and Find High-Paying Jobs!",https://www.amazon.com/Python-Java-SQL-JavaScript-Demand/dp/B0CWD8SJCN/ref=sr_1_11?dib=eyJ2IjoiMSJ9.aaMxX7AxL-jwp6dar1HP7PdIio5bW-c-iIgjqsRrydv3OWGzCUJnNqb2fxgzgUdnPELzY-jrhbcwSI1OT5SSSfaw85RbmbXF2oQVZbJgjXyrm-cUbVjuIEQ7gzavMNOcoj6add7L37Mh9VY_tQ23x2jdVD0jKZgAmJMf6kL9ktYeFMlu42aRaMn1iT_43aEx4Nf7rit0yxo5PYbRYpXYLnpI3Dh7x-UYPOHfhnrQmjk.rmoNKEuq4STmczOJLzELvSnCw02PivzImFyd8DnM80g&dib_tag=se&keywords=java+books&qid=1724070308&s=books&sr=1-11
"Modern Java in Action: Lambdas, streams, functional and reactive programming",https://www.amazon.com/Modern-Java-Action-functional-programming/dp/1617293563/ref=sr_1_12?dib=eyJ2IjoiMSJ9.aaMxX7AxL-jwp6dar1HP7PdIio5bW-c-iIgjqsRrydv3OWGzCUJnNqb2fxgzgUdnPELzY-jrhbcwSI1OT5SSSfaw85RbmbXF2oQVZbJgjXyrm-cUbVjuIEQ7gzavMNOcoj6add7L37Mh9VY_tQ23x2jdVD0jKZgAmJMf6kL9ktYeFMlu42aRaMn1iT_43aEx4Nf7rit0yxo5PYbRYpXYLnpI3Dh7x-UYPOHfhnrQmjk.rmoNKEuq4STmczOJLzELvSnCw02PivzImFyd8DnM80g&dib_tag=se&keywords=java+books&qid=1724070308&s=books&sr=1-12
"Java Programming for Beginners: Learn to Code, Master Java, and Build Real-World Applications",https://www.amazon.com/Java-Programming-Beginners-Real-World-Applications/dp/B0D537TPVP/ref=sr_1_13?dib=eyJ2IjoiMSJ9.aaMxX7AxL-jwp6dar1HP7PdIio5bW-c-iIgjqsRrydv3OWGzCUJnNqb2fxgzgUdnPELzY-jrhbcwSI1OT5SSSfaw85RbmbXF2oQVZbJgjXyrm-cUbVjuIEQ7gzavMNOcoj6add7L37Mh9VY_tQ23x2jdVD0jKZgAmJMf6kL9ktYeFMlu42aRaMn1iT_43aEx4Nf7rit0yxo5PYbRYpXYLnpI3Dh7x-UYPOHfhnrQmjk.rmoNKEuq4STmczOJLzELvSnCw02PivzImFyd8DnM80g&dib_tag=se&keywords=java+books&qid=1724070308&s=books&sr=1-13
Learn Java with Projects: A concise practical guide to learning everything a Java professional really needs to know,https://www.amazon.com/Learn-Java-Projects-everything-professional/dp/1837637180/ref=sr_1_14?dib=eyJ2IjoiMSJ9.aaMxX7AxL-jwp6dar1HP7PdIio5bW-c-iIgjqsRrydv3OWGzCUJnNqb2fxgzgUdnPELzY-jrhbcwSI1OT5SSSfaw85RbmbXF2oQVZbJgjXyrm-cUbVjuIEQ7gzavMNOcoj6add7L37Mh9VY_tQ23x2jdVD0jKZgAmJMf6kL9ktYeFMlu42aRaMn1iT_43aEx4Nf7rit0yxo5PYbRYpXYLnpI3Dh7x-UYPOHfhnrQmjk.rmoNKEuq4STmczOJLzELvSnCw02PivzImFyd8DnM80g&dib_tag=se&keywords=java+books&qid=1724070308&s=books&sr=1-14
"Python, Javascript, Java, SQL, Linux: The Complete Coding and Developing Crash Course for Beginners (2024) (Computer Programming)",https://www.amazon.com/Python-Javascript-Java-SQL-Linux/dp/B0D765WWK9/ref=sr_1_15?dib=eyJ2IjoiMSJ9.aaMxX7AxL-jwp6dar1HP7PdIio5bW-c-iIgjqsRrydv3OWGzCUJnNqb2fxgzgUdnPELzY-jrhbcwSI1OT5SSSfaw85RbmbXF2oQVZbJgjXyrm-cUbVjuIEQ7gzavMNOcoj6add7L37Mh9VY_tQ23x2jdVD0jKZgAmJMf6kL9ktYeFMlu42aRaMn1iT_43aEx4Nf7rit0yxo5PYbRYpXYLnpI3Dh7x-UYPOHfhnrQmjk.rmoNKEuq4STmczOJLzELvSnCw02PivzImFyd8DnM80g&dib_tag=se&keywords=java+books&qid=1724070308&s=books&sr=1-15
"Java: The Complete Reference, Twelfth Edition",https://www.amazon.com/Java-Complete-Reference-Herbert-Schildt/dp/1260463419/ref=sr_1_16?dib=eyJ2IjoiMSJ9.aaMxX7AxL-jwp6dar1HP7PdIio5bW-c-iIgjqsRrydv3OWGzCUJnNqb2fxgzgUdnPELzY-jrhbcwSI1OT5SSSfaw85RbmbXF2oQVZbJgjXyrm-cUbVjuIEQ7gzavMNOcoj6add7L37Mh9VY_tQ23x2jdVD0jKZgAmJMf6kL9ktYeFMlu42aRaMn1iT_43aEx4Nf7rit0yxo5PYbRYpXYLnpI3Dh7x-UYPOHfhnrQmjk.rmoNKEuq4STmczOJLzELvSnCw02PivzImFyd8DnM80g&dib_tag=se&keywords=java+books&qid=1724070308&s=books&sr=1-16
